model,group_column,n_groups,n_train,n_test,MAE,RMSE,R2
HistGradientBoostingRegressor,profile_id,28,457,118,1.349808511769063,2.540917529652062,-0.2669621450370847
MLPRegressor,profile_id,28,457,118,1.373582150103381,2.0068523902833437,0.20966109615582373
RandomForestRegressor,profile_id,28,457,118,1.505315837374224,3.4493328353216373,-1.334816239914646
Ridge,profile_id,28,457,118,1.54283836030053,2.150368015039837,0.09258055088017736
DummyRegressor_median,profile_id,28,457,118,1.568731943700985,2.4092147280003173,-0.13902568895338585
